title,company,link,keyword
"PRINCIPAL, DATA SCIENTIST",Walmart Global Tech India,https://in.linkedin.com/jobs/view/principal-data-scientist-at-walmart-global-tech-india-4183717024?position=1&pageNum=0&refId=oJg4cwIrkdApFrbTD6SM%2FQ%3D%3D&trackingId=uWhVV5DBxCNkqaFVRhsRuQ%3D%3D,LLM
Senior LLM Engineer,SciSpace,https://in.linkedin.com/jobs/view/senior-llm-engineer-at-scispace-4218613681?position=2&pageNum=0&refId=oJg4cwIrkdApFrbTD6SM%2FQ%3D%3D&trackingId=zTReUcSErQx4b7wnkbPygg%3D%3D,LLM
LLM Scientist,Prana Tree,https://in.linkedin.com/jobs/view/llm-scientist-at-prana-tree-4215812992?position=3&pageNum=0&refId=oJg4cwIrkdApFrbTD6SM%2FQ%3D%3D&trackingId=1oDRr0gGQuV%2BbCL%2BE5w3GA%3D%3D,LLM
Senior LLM Engineer (With ML and Prompt Engg Exp),SciSpace,https://in.linkedin.com/jobs/view/senior-llm-engineer-with-ml-and-prompt-engg-exp-at-scispace-4218611813?position=4&pageNum=0&refId=oJg4cwIrkdApFrbTD6SM%2FQ%3D%3D&trackingId=LLQE177ZxH28SRE4Qdk8AA%3D%3D,LLM
"Manager, Applied Science, Conversational Assistant Services - Alexa AI",Amazon,https://in.linkedin.com/jobs/view/manager-applied-science-conversational-assistant-services-alexa-ai-at-amazon-4184887928?position=5&pageNum=0&refId=oJg4cwIrkdApFrbTD6SM%2FQ%3D%3D&trackingId=m%2BnXEGpiUGWq0HB13zc0Ng%3D%3D,LLM
AI / ML Engineer,Yellow.ai,https://in.linkedin.com/jobs/view/ai-ml-engineer-at-yellow-ai-4218615397?position=6&pageNum=0&refId=oJg4cwIrkdApFrbTD6SM%2FQ%3D%3D&trackingId=yNSMqWqqxAHyU0B6gqyxsg%3D%3D,LLM
Senior ML Ops Engineer,StockX,https://in.linkedin.com/jobs/view/senior-ml-ops-engineer-at-stockx-4215536352?position=7&pageNum=0&refId=oJg4cwIrkdApFrbTD6SM%2FQ%3D%3D&trackingId=foQ9wQ0HbZAuBiOt052NYg%3D%3D,LLM
"Principal Engineer, Agentic AI Platform",Autonomize AI,https://in.linkedin.com/jobs/view/principal-engineer-agentic-ai-platform-at-autonomize-ai-4215594881?position=8&pageNum=0&refId=oJg4cwIrkdApFrbTD6SM%2FQ%3D%3D&trackingId=Y69SiVgSl9BvVT4OchRQMw%3D%3D,LLM
Senior Computer Vision Engineer,Maximl,https://in.linkedin.com/jobs/view/senior-computer-vision-engineer-at-maximl-4218615428?position=9&pageNum=0&refId=oJg4cwIrkdApFrbTD6SM%2FQ%3D%3D&trackingId=SM2TL0Fb9GYue%2BERrrh11Q%3D%3D,LLM
,,https://in.linkedin.com/jobs/view/nlp-developer-at-prodapt-4185550374?position=1&pageNum=0&refId=jb%2F%2BiCHkxnC53FzS%2F1bd1A%3D%3D&trackingId=iE1xlm7eTcgYZrAJCFa5qg%3D%3D,NLP
,,https://in.linkedin.com/jobs/view/ai-ml-engineer-at-yellow-ai-4218615397?position=2&pageNum=0&refId=jb%2F%2BiCHkxnC53FzS%2F1bd1A%3D%3D&trackingId=1HMfepjfvL1dwEtnzedZXQ%3D%3D,NLP
,,https://in.linkedin.com/jobs/view/data-scientist-at-kudos-technolabs-4218610865?position=3&pageNum=0&refId=jb%2F%2BiCHkxnC53FzS%2F1bd1A%3D%3D&trackingId=gEzaP6VIWb%2FyqeHLPK%2BFJA%3D%3D,NLP
,,https://in.linkedin.com/jobs/view/machine-learning-intern-at-arctan-4215571334?position=4&pageNum=0&refId=jb%2F%2BiCHkxnC53FzS%2F1bd1A%3D%3D&trackingId=sczTnW7TXvj%2BrjdtLDWjtg%3D%3D,NLP
,,https://in.linkedin.com/jobs/view/data-scientist-2-at-satsure-4215807899?position=5&pageNum=0&refId=jb%2F%2BiCHkxnC53FzS%2F1bd1A%3D%3D&trackingId=1ueZah1xgIvggPYV8yTsbg%3D%3D,NLP
,,https://in.linkedin.com/jobs/view/data-scientist-at-gramener-4215579039?position=6&pageNum=0&refId=jb%2F%2BiCHkxnC53FzS%2F1bd1A%3D%3D&trackingId=fXDLnk8oD%2BbhY55voOf77A%3D%3D,NLP
,,https://in.linkedin.com/jobs/view/machine-learning-engineer-at-tecnotree-corporation-4218614415?position=7&pageNum=0&refId=jb%2F%2BiCHkxnC53FzS%2F1bd1A%3D%3D&trackingId=5ZKWRWCV9yNfnBg5N0bXOQ%3D%3D,NLP
,,https://in.linkedin.com/jobs/view/machine-learning-engineer-at-elucidata-4218653186?position=8&pageNum=0&refId=jb%2F%2BiCHkxnC53FzS%2F1bd1A%3D%3D&trackingId=Brfewd144NhEhLGs5vKy2g%3D%3D,NLP
,,https://in.linkedin.com/jobs/view/principal-data-scientist-at-walmart-global-tech-india-4183717024?position=9&pageNum=0&refId=jb%2F%2BiCHkxnC53FzS%2F1bd1A%3D%3D&trackingId=Tw%2FDZSDeleZJNVRhq%2B%2FNXg%3D%3D,NLP
,,https://in.linkedin.com/jobs/view/data-scientist-3-at-satsure-4215813110?position=10&pageNum=0&refId=jb%2F%2BiCHkxnC53FzS%2F1bd1A%3D%3D&trackingId=Dn9%2BoMEGz7Dgx1AK%2BmQ66g%3D%3D,NLP
,,https://in.linkedin.com/jobs/view/senior-ml-scientist-advertising-optimization-automation-science-at-wayfair-4215534810?position=11&pageNum=0&refId=jb%2F%2BiCHkxnC53FzS%2F1bd1A%3D%3D&trackingId=MDytXh42o%2FJHXTN9XoF6nQ%3D%3D,NLP
,,https://in.linkedin.com/jobs/view/senior-ml-scientist-advertising-optimization-automation-science-at-wayfair-4215551338?position=12&pageNum=0&refId=jb%2F%2BiCHkxnC53FzS%2F1bd1A%3D%3D&trackingId=LyjgzUC3%2Fvi0hKCGZ%2F7P5Q%3D%3D,NLP
,,https://in.linkedin.com/jobs/view/senior-principal-engineer-at-oracle-4166511107?position=13&pageNum=0&refId=jb%2F%2BiCHkxnC53FzS%2F1bd1A%3D%3D&trackingId=Q6f8si9MLvXYlDVVx%2BRjwg%3D%3D,NLP
,,https://in.linkedin.com/jobs/view/senior-data-scientist-at-loopio-4216096061?position=14&pageNum=0&refId=jb%2F%2BiCHkxnC53FzS%2F1bd1A%3D%3D&trackingId=lOfVv8V47cIZtC4JzfHmyQ%3D%3D,NLP
,,https://in.linkedin.com/jobs/view/manager-applied-science-conversational-assistant-services-alexa-ai-at-amazon-4184887928?position=15&pageNum=0&refId=jb%2F%2BiCHkxnC53FzS%2F1bd1A%3D%3D&trackingId=diZkfqfWkiqszoohYIt7cw%3D%3D,NLP
,,https://in.linkedin.com/jobs/view/senior-cai-engineer-at-avaamo-4218617043?position=16&pageNum=0&refId=jb%2F%2BiCHkxnC53FzS%2F1bd1A%3D%3D&trackingId=P8EyrJdVc4nuewVkKFXUFQ%3D%3D,NLP
,,https://in.linkedin.com/jobs/view/applied-science-manager-music-search-at-amazon-music-4119607663?position=17&pageNum=0&refId=jb%2F%2BiCHkxnC53FzS%2F1bd1A%3D%3D&trackingId=3JYY999THXs%2B6Imf6Bq9Ag%3D%3D,NLP
,,https://in.linkedin.com/jobs/view/senior-rtl-design-engineer-at-discoveries-quintessential-4213126428?position=18&pageNum=0&refId=jb%2F%2BiCHkxnC53FzS%2F1bd1A%3D%3D&trackingId=BD1NuxXl%2BMyJH90btgEv%2Bw%3D%3D,NLP
,Juniper Networks,https://in.linkedin.com/jobs/view/lead-product-consultant-network-automation-%2B-cloud-architect-at-juniper-networks-4161821123?position=19&pageNum=0&refId=jb%2F%2BiCHkxnC53FzS%2F1bd1A%3D%3D&trackingId=MccPrUEyJLVVZcfVObNDjw%3D%3D,NLP
AI ML Engineer,Lifesight,https://in.linkedin.com/jobs/view/ai-ml-engineer-at-lifesight-4218617006?position=1&pageNum=0&refId=LGwF%2FzEYV99lOPsdTPNLeg%3D%3D&trackingId=OJ%2BIjM3%2BNM1qq6IiNPAL7g%3D%3D,Gen AI
Technology Analyst,Infosys,https://in.linkedin.com/jobs/view/technology-analyst-at-infosys-4215805499?position=2&pageNum=0&refId=LGwF%2FzEYV99lOPsdTPNLeg%3D%3D&trackingId=IgI0edv0YmHBm%2Fo%2B0qLgRw%3D%3D,Gen AI
Gen AI Developer,Infosys,https://in.linkedin.com/jobs/view/gen-ai-developer-at-infosys-4215546567?position=3&pageNum=0&refId=LGwF%2FzEYV99lOPsdTPNLeg%3D%3D&trackingId=d4e1ldGn3smimtqUyzQ3GQ%3D%3D,Gen AI
"PRINCIPAL, DATA SCIENTIST",Walmart Global Tech India,https://in.linkedin.com/jobs/view/principal-data-scientist-at-walmart-global-tech-india-4183717024?position=4&pageNum=0&refId=LGwF%2FzEYV99lOPsdTPNLeg%3D%3D&trackingId=t74Z1JwGDv%2BoJSRQhHqMMQ%3D%3D,Gen AI
"Engineer, Principal/Manager - Machine Learning, AI",Qualcomm,https://in.linkedin.com/jobs/view/engineer-principal-manager-machine-learning-ai-at-qualcomm-4183012829?position=5&pageNum=0&refId=LGwF%2FzEYV99lOPsdTPNLeg%3D%3D&trackingId=NmKv%2Bt9E%2BmTq9rvdJE3IUw%3D%3D,Gen AI
AI Platform Manager,Kenvue,https://in.linkedin.com/jobs/view/ai-platform-manager-at-kenvue-4079338197?position=6&pageNum=0&refId=LGwF%2FzEYV99lOPsdTPNLeg%3D%3D&trackingId=unW%2F5CHVmZGrN6kr%2Fi4P2g%3D%3D,Gen AI
"Manager, Applied Science, Conversational Assistant Services - Alexa AI",Amazon,https://in.linkedin.com/jobs/view/manager-applied-science-conversational-assistant-services-alexa-ai-at-amazon-4184887928?position=7&pageNum=0&refId=LGwF%2FzEYV99lOPsdTPNLeg%3D%3D&trackingId=A8NuTaXeInl0tfxewDD3iQ%3D%3D,Gen AI
Technology Lead,Infosys,https://in.linkedin.com/jobs/view/technology-lead-at-infosys-4215809077?position=8&pageNum=0&refId=LGwF%2FzEYV99lOPsdTPNLeg%3D%3D&trackingId=TeHqgSemTcXCIqDDb01w7w%3D%3D,Gen AI
"Lead, Data Science",Kenvue,https://in.linkedin.com/jobs/view/lead-data-science-at-kenvue-4201696129?position=9&pageNum=0&refId=LGwF%2FzEYV99lOPsdTPNLeg%3D%3D&trackingId=GzqqnvlkEJ0a2NWA9iSsNw%3D%3D,Gen AI
AI Solutions Architect,Kenvue,https://in.linkedin.com/jobs/view/ai-solutions-architect-at-kenvue-4019434620?position=10&pageNum=0&refId=LGwF%2FzEYV99lOPsdTPNLeg%3D%3D&trackingId=YpXQNh%2FQxigCqFdLmIc7rA%3D%3D,Gen AI
Lead Data Scientist,Kenvue,https://in.linkedin.com/jobs/view/lead-data-scientist-at-kenvue-4201693484?position=11&pageNum=0&refId=LGwF%2FzEYV99lOPsdTPNLeg%3D%3D&trackingId=JI3a8ebFnk2Y4nWEAtW4HQ%3D%3D,Gen AI
Founder Office (B2B Sales Product and Research),Affluense,https://in.linkedin.com/jobs/view/founder-office-b2b-sales-product-and-research-at-affluense-4215534238?position=12&pageNum=0&refId=LGwF%2FzEYV99lOPsdTPNLeg%3D%3D&trackingId=xR5BcJiGE0I%2Bw6qR%2BEYTvA%3D%3D,Gen AI
Senior LLM Engineer (With ML and Prompt Engg Exp),SciSpace,https://in.linkedin.com/jobs/view/senior-llm-engineer-with-ml-and-prompt-engg-exp-at-scispace-4218611813?position=13&pageNum=0&refId=LGwF%2FzEYV99lOPsdTPNLeg%3D%3D&trackingId=HsJtnqGoC6%2BK3kZhl9YpuA%3D%3D,Gen AI
Software Agile Lead/Software Product Owner - Thermal Management(Specialist - ESW Engineer),Volvo Group,https://in.linkedin.com/jobs/view/software-agile-lead-software-product-owner-thermal-management-specialist-esw-engineer-at-volvo-group-4161554908?position=14&pageNum=0&refId=LGwF%2FzEYV99lOPsdTPNLeg%3D%3D&trackingId=0GsOsvYMS2VSfnsCh5nI9w%3D%3D,Gen AI
GN - SONG - Service - Genesys – Senior Manager,Accenture in India,https://in.linkedin.com/jobs/view/gn-song-service-genesys-%E2%80%93-senior-manager-at-accenture-in-india-4058758609?position=15&pageNum=0&refId=LGwF%2FzEYV99lOPsdTPNLeg%3D%3D&trackingId=mmSkMRIrN35dmvHLnD4ETA%3D%3D,Gen AI
Senior Principal Software Engineer,Oracle,https://in.linkedin.com/jobs/view/senior-principal-software-engineer-at-oracle-4215818119?position=16&pageNum=0&refId=LGwF%2FzEYV99lOPsdTPNLeg%3D%3D&trackingId=KQLm%2BT2vzgKReCdlXe4IFQ%3D%3D,Gen AI
"VP Sales - Treasury, Trade & Commercial Borrowings",Talasha,https://in.linkedin.com/jobs/view/vp-sales-treasury-trade-commercial-borrowings-at-talasha-4214264765?position=17&pageNum=0&refId=LGwF%2FzEYV99lOPsdTPNLeg%3D%3D&trackingId=woPTZXHXpTegNtW29842lw%3D%3D,Gen AI
"Principal Design Verification Engineer (Switching , Data path)",Mulya Technologies,https://in.linkedin.com/jobs/view/principal-design-verification-engineer-switching-data-path-at-mulya-technologies-4218464617?position=18&pageNum=0&refId=LGwF%2FzEYV99lOPsdTPNLeg%3D%3D&trackingId=dkt%2FvA36tNkxvgzXV7QT2A%3D%3D,Gen AI
Principal Physical Design Engineer - STA,Mulya Technologies,https://in.linkedin.com/jobs/view/principal-physical-design-engineer-sta-at-mulya-technologies-4217488264?position=19&pageNum=0&refId=LGwF%2FzEYV99lOPsdTPNLeg%3D%3D&trackingId=G3otIbWWpnJxF02qP8K%2FCA%3D%3D,Gen AI
Senior LLM Engineer,SciSpace,https://in.linkedin.com/jobs/view/senior-llm-engineer-at-scispace-4218613681?position=20&pageNum=0&refId=LGwF%2FzEYV99lOPsdTPNLeg%3D%3D&trackingId=T63dRiEPeZpzZVaB4psHHw%3D%3D,Gen AI
Founding Full Stack Lead Developer,Bizamply,https://in.linkedin.com/jobs/view/founding-full-stack-lead-developer-at-bizamply-4218478003?position=21&pageNum=0&refId=LGwF%2FzEYV99lOPsdTPNLeg%3D%3D&trackingId=5rpf%2Bp8PCSfxok7JJWq5ww%3D%3D,Gen AI
AI ML Engineer,Lifesight,https://in.linkedin.com/jobs/view/ai-ml-engineer-at-lifesight-4218617006?position=1&pageNum=0&refId=1xVAdodkk1IBi6hMcgvxqA%3D%3D&trackingId=yxWl2Oc9aaLL%2B7QSlDiJHQ%3D%3D,Data Scientist
ML Engineer,SixSense,https://in.linkedin.com/jobs/view/ml-engineer-at-sixsense-4218614445?position=2&pageNum=0&refId=1xVAdodkk1IBi6hMcgvxqA%3D%3D&trackingId=bGGNOjfgkslULARuZiN%2BTQ%3D%3D,Data Scientist
AI / ML Engineer,Yellow.ai,https://in.linkedin.com/jobs/view/ai-ml-engineer-at-yellow-ai-4218615397?position=3&pageNum=0&refId=1xVAdodkk1IBi6hMcgvxqA%3D%3D&trackingId=pPdgtOf0Hx839Ulte3bRQQ%3D%3D,Data Scientist
Data Scientist - 2,SatSure,https://in.linkedin.com/jobs/view/data-scientist-2-at-satsure-4215807899?position=4&pageNum=0&refId=1xVAdodkk1IBi6hMcgvxqA%3D%3D&trackingId=oCJE%2FRR8XEqLTEB%2Ffoyv6w%3D%3D,Data Scientist
Python Developer,Tech Mahindra,https://in.linkedin.com/jobs/view/python-developer-at-tech-mahindra-4216087177?position=5&pageNum=0&refId=1xVAdodkk1IBi6hMcgvxqA%3D%3D&trackingId=pM7L9%2Bd7baqUkzWZMMCLWA%3D%3D,Data Scientist
Data Scientist,SixSense,https://in.linkedin.com/jobs/view/data-scientist-at-sixsense-4218616422?position=6&pageNum=0&refId=1xVAdodkk1IBi6hMcgvxqA%3D%3D&trackingId=FNV2hwtH4092gEFdmiNniQ%3D%3D,Data Scientist
Machine Learning Engineer,CloudxLab,https://in.linkedin.com/jobs/view/machine-learning-engineer-at-cloudxlab-4215548302?position=7&pageNum=0&refId=1xVAdodkk1IBi6hMcgvxqA%3D%3D&trackingId=hP6ap5IvHq3c4jdSX9M6yw%3D%3D,Data Scientist
Data Scientist,Kudos Technolabs,https://in.linkedin.com/jobs/view/data-scientist-at-kudos-technolabs-4218610865?position=8&pageNum=0&refId=1xVAdodkk1IBi6hMcgvxqA%3D%3D&trackingId=1M4Sh93iIcU%2Ft8z03rWTCw%3D%3D,Data Scientist
Data Scientist - 3,SatSure,https://in.linkedin.com/jobs/view/data-scientist-3-at-satsure-4215813110?position=9&pageNum=0&refId=1xVAdodkk1IBi6hMcgvxqA%3D%3D&trackingId=epwpGGMuL0NHY9ReauZVXg%3D%3D,Data Scientist
Senior Data Scientist,Kredivo Group,https://in.linkedin.com/jobs/view/senior-data-scientist-at-kredivo-group-4159618320?position=10&pageNum=0&refId=1xVAdodkk1IBi6hMcgvxqA%3D%3D&trackingId=Z3FYTbJmEVgrmRH10spS3g%3D%3D,Data Scientist
"PRINCIPAL, DATA SCIENTIST",Walmart Global Tech India,https://in.linkedin.com/jobs/view/principal-data-scientist-at-walmart-global-tech-india-4183717024?position=11&pageNum=0&refId=1xVAdodkk1IBi6hMcgvxqA%3D%3D&trackingId=Uhd8g70SMFE0me86rzK7Qw%3D%3D,Data Scientist
Python Developer,Recro,https://in.linkedin.com/jobs/view/python-developer-at-recro-4215545962?position=12&pageNum=0&refId=1xVAdodkk1IBi6hMcgvxqA%3D%3D&trackingId=qTtYTv7%2BOBuuYkJnvN9LdQ%3D%3D,Data Scientist
Machine Learning Engineer,Elucidata,https://in.linkedin.com/jobs/view/machine-learning-engineer-at-elucidata-4218653186?position=13&pageNum=0&refId=1xVAdodkk1IBi6hMcgvxqA%3D%3D&trackingId=vzaY%2FK8LqHKnM9y5c%2BIcLg%3D%3D,Data Scientist
"Engineer, Principal/Manager - Machine Learning, AI",Qualcomm,https://in.linkedin.com/jobs/view/engineer-principal-manager-machine-learning-ai-at-qualcomm-4183012829?position=14&pageNum=0&refId=1xVAdodkk1IBi6hMcgvxqA%3D%3D&trackingId=Nq5Ei%2BCyUaDbV0WJZn1ywg%3D%3D,Data Scientist
Data Scientist,Gramener,https://in.linkedin.com/jobs/view/data-scientist-at-gramener-4215579039?position=15&pageNum=0&refId=1xVAdodkk1IBi6hMcgvxqA%3D%3D&trackingId=jQK0Bv%2FRCF5oRF2OC8k%2BjQ%3D%3D,Data Scientist
Machine Learning Engineer,Tecnotree Corporation,https://in.linkedin.com/jobs/view/machine-learning-engineer-at-tecnotree-corporation-4218614415?position=16&pageNum=0&refId=1xVAdodkk1IBi6hMcgvxqA%3D%3D&trackingId=r7ARXZuKrs47LFSP0fk14A%3D%3D,Data Scientist
SSE-AI/ML,CGI,https://in.linkedin.com/jobs/view/sse-ai-ml-at-cgi-4183120606?position=17&pageNum=0&refId=1xVAdodkk1IBi6hMcgvxqA%3D%3D&trackingId=UisDmH%2Bg3eb4e2rdDhVbfQ%3D%3D,Data Scientist
Analyst - Data Science,DIAGEO India,https://in.linkedin.com/jobs/view/analyst-data-science-at-diageo-india-4115453865?position=18&pageNum=0&refId=1xVAdodkk1IBi6hMcgvxqA%3D%3D&trackingId=JTAe0lGVbJLwOSU21TWKMg%3D%3D,Data Scientist
"Senior ML Scientist, Advertising Optimization & Automation Science",Wayfair,https://in.linkedin.com/jobs/view/senior-ml-scientist-advertising-optimization-automation-science-at-wayfair-4215534810?position=19&pageNum=0&refId=1xVAdodkk1IBi6hMcgvxqA%3D%3D&trackingId=I9HuALHGH1C3YgWwEZu7bA%3D%3D,Data Scientist
Machine Learning Engineer,Get My Parking,https://in.linkedin.com/jobs/view/machine-learning-engineer-at-get-my-parking-4218613631?position=20&pageNum=0&refId=1xVAdodkk1IBi6hMcgvxqA%3D%3D&trackingId=JZoRrrApQxHgxXrOlyHmjQ%3D%3D,Data Scientist
NLP Developer,Prodapt,https://in.linkedin.com/jobs/view/nlp-developer-at-prodapt-4185550374?position=21&pageNum=0&refId=1xVAdodkk1IBi6hMcgvxqA%3D%3D&trackingId=ZNzPba0TI%2Baixd6v8ZFsdQ%3D%3D,Data Scientist
Cognitive AI Developer,CGI,https://in.linkedin.com/jobs/view/cognitive-ai-developer-at-cgi-4188402732?position=22&pageNum=0&refId=1xVAdodkk1IBi6hMcgvxqA%3D%3D&trackingId=rzDgSrSU3ox1kQxYduG40w%3D%3D,Data Scientist
Python Fast API Developer,Gramener,https://in.linkedin.com/jobs/view/python-fast-api-developer-at-gramener-4215575457?position=23&pageNum=0&refId=1xVAdodkk1IBi6hMcgvxqA%3D%3D&trackingId=gQf5a8YBqW98q9YFQ67Mbg%3D%3D,Data Scientist
Senior Machine Learning Engineer,Informatica,https://in.linkedin.com/jobs/view/senior-machine-learning-engineer-at-informatica-4161459163?position=24&pageNum=0&refId=1xVAdodkk1IBi6hMcgvxqA%3D%3D&trackingId=QurkY8F9FOUAN8nmVPYt8A%3D%3D,Data Scientist
Python Developer,Curl.tech,https://in.linkedin.com/jobs/view/python-developer-at-curl-tech-4218615399?position=25&pageNum=0&refId=1xVAdodkk1IBi6hMcgvxqA%3D%3D&trackingId=Ei4CBBZukQY3mbkLti7Fqw%3D%3D,Data Scientist
Senior ML Ops Engineer,StockX,https://in.linkedin.com/jobs/view/senior-ml-ops-engineer-at-stockx-4215536352?position=26&pageNum=0&refId=1xVAdodkk1IBi6hMcgvxqA%3D%3D&trackingId=Z8iJxREF2srx8JUrllF9qQ%3D%3D,Data Scientist
Senior Machine Learning Engineer,StockX,https://in.linkedin.com/jobs/view/senior-machine-learning-engineer-at-stockx-4215533672?position=27&pageNum=0&refId=1xVAdodkk1IBi6hMcgvxqA%3D%3D&trackingId=yNwO04xUQyWV1%2BHmCcSrRA%3D%3D,Data Scientist
Senior Data Scientist,Loopio,https://in.linkedin.com/jobs/view/senior-data-scientist-at-loopio-4216096061?position=28&pageNum=0&refId=1xVAdodkk1IBi6hMcgvxqA%3D%3D&trackingId=ikUFFitn2gx0FteRdVrEHA%3D%3D,Data Scientist
Software Engineering,Microsoft,https://in.linkedin.com/jobs/view/software-engineering-at-microsoft-4070579459?position=29&pageNum=0&refId=1xVAdodkk1IBi6hMcgvxqA%3D%3D&trackingId=bS6NneK6thQ1fGn%2BRr8wVA%3D%3D,Data Scientist
SDE I,DataFlow Group,https://in.linkedin.com/jobs/view/sde-i-at-dataflow-group-4218617038?position=30&pageNum=0&refId=1xVAdodkk1IBi6hMcgvxqA%3D%3D&trackingId=xAwfvjfc8jjNNUmDmRxeRw%3D%3D,Data Scientist
Sr. Software Engineer - Observability,Roku,https://in.linkedin.com/jobs/view/sr-software-engineer-observability-at-roku-4158292159?position=31&pageNum=0&refId=1xVAdodkk1IBi6hMcgvxqA%3D%3D&trackingId=vk8M4luFcCQp8yxzVTIBnw%3D%3D,Data Scientist
Senior Machine Learning Engineer,Target,https://in.linkedin.com/jobs/view/senior-machine-learning-engineer-at-target-4215587397?position=32&pageNum=0&refId=1xVAdodkk1IBi6hMcgvxqA%3D%3D&trackingId=mIWoMF5cQf02339hbOfoHw%3D%3D,Data Scientist
Software Engineer (Python) - X Delivery,BCG X,https://in.linkedin.com/jobs/view/software-engineer-python-x-delivery-at-bcg-x-4160840791?position=33&pageNum=0&refId=1xVAdodkk1IBi6hMcgvxqA%3D%3D&trackingId=o2sNZqPrmy1wBXAmsCbBuQ%3D%3D,Data Scientist
Data Scientist/Senior Data Scientist - Python Programming,Lufthansa Technik Services India Pvt Ltd,https://in.linkedin.com/jobs/view/data-scientist-senior-data-scientist-python-programming-at-lufthansa-technik-services-india-pvt-ltd-4215594517?position=34&pageNum=0&refId=1xVAdodkk1IBi6hMcgvxqA%3D%3D&trackingId=K3AgVn740ly%2Bq1joGRSotg%3D%3D,Data Scientist
Senior Machine Learning Systems Engineer,Atlassian,https://in.linkedin.com/jobs/view/senior-machine-learning-systems-engineer-at-atlassian-4185532388?position=35&pageNum=0&refId=1xVAdodkk1IBi6hMcgvxqA%3D%3D&trackingId=QF%2BjffOEMdS4aIur04g0Aw%3D%3D,Data Scientist
Gen AI Developer,Infosys,https://in.linkedin.com/jobs/view/gen-ai-developer-at-infosys-4215546567?position=36&pageNum=0&refId=1xVAdodkk1IBi6hMcgvxqA%3D%3D&trackingId=DUtCVPFhAqYgu0%2Fs9UyGbA%3D%3D,Data Scientist
Software Engineer,Baya Systems,https://in.linkedin.com/jobs/view/software-engineer-at-baya-systems-4202906877?position=37&pageNum=0&refId=1xVAdodkk1IBi6hMcgvxqA%3D%3D&trackingId=71ZbdkTEUgAXL1f59STbFw%3D%3D,Data Scientist
Software Performance Optimization Expert – XR Research (all levels),Qualcomm,https://in.linkedin.com/jobs/view/software-performance-optimization-expert-%E2%80%93-xr-research-all-levels-at-qualcomm-4052963211?position=38&pageNum=0&refId=1xVAdodkk1IBi6hMcgvxqA%3D%3D&trackingId=nDqhrcInv3itPJw2lR0z0g%3D%3D,Data Scientist
SDE - 1 - Backend,SixSense,https://in.linkedin.com/jobs/view/sde-1-backend-at-sixsense-4218610859?position=39&pageNum=0&refId=1xVAdodkk1IBi6hMcgvxqA%3D%3D&trackingId=2LSQKdcpxcRq7pgl5Wt%2BgQ%3D%3D,Data Scientist
Sr Engineer- Search and ML,Target,https://in.linkedin.com/jobs/view/sr-engineer-search-and-ml-at-target-4216619047?position=40&pageNum=0&refId=1xVAdodkk1IBi6hMcgvxqA%3D%3D&trackingId=TdmnVgs2NXFrfdZyJn0sVg%3D%3D,Data Scientist
Lead Data Scientist,Kenvue,https://in.linkedin.com/jobs/view/lead-data-scientist-at-kenvue-4201693484?position=41&pageNum=0&refId=1xVAdodkk1IBi6hMcgvxqA%3D%3D&trackingId=4eKnkcnadl3lcJmDZ%2FPTIA%3D%3D,Data Scientist
Software Development Engineer (React Native),AEREO,https://in.linkedin.com/jobs/view/software-development-engineer-react-native-at-aereo-4218611795?position=42&pageNum=0&refId=1xVAdodkk1IBi6hMcgvxqA%3D%3D&trackingId=BO3w8X17uIwJK57tYEQJwA%3D%3D,Data Scientist
Specialist Software Engineer - Python & Devops,Societe Generale Global Solution Centre,https://in.linkedin.com/jobs/view/specialist-software-engineer-python-devops-at-societe-generale-global-solution-centre-4216604640?position=43&pageNum=0&refId=1xVAdodkk1IBi6hMcgvxqA%3D%3D&trackingId=vVSuFkeqggVX2NSq%2BzZrHw%3D%3D,Data Scientist
Developer - GCP & Data Engineer,CGI,https://in.linkedin.com/jobs/view/developer-gcp-data-engineer-at-cgi-4180978995?position=44&pageNum=0&refId=1xVAdodkk1IBi6hMcgvxqA%3D%3D&trackingId=CVEoUDLZxJvLl6%2FM5mQa%2Fg%3D%3D,Data Scientist
Full Stack Software & AI Engineer,QX Labs,https://in.linkedin.com/jobs/view/full-stack-software-ai-engineer-at-qx-labs-4216029254?position=45&pageNum=0&refId=1xVAdodkk1IBi6hMcgvxqA%3D%3D&trackingId=OPfeggFHHjDbH01aEWAnXA%3D%3D,Data Scientist
QA SDET_Associate_Software Engineering,Morgan Stanley,https://in.linkedin.com/jobs/view/qa-sdet-associate-software-engineering-at-morgan-stanley-4215593472?position=46&pageNum=0&refId=1xVAdodkk1IBi6hMcgvxqA%3D%3D&trackingId=swVXZJWlw8GkayzzMpIbHw%3D%3D,Data Scientist
DX_React JS Full stack_Q1FY26,Infosys,https://in.linkedin.com/jobs/view/dx-react-js-full-stack-q1fy26-at-infosys-4202702298?position=47&pageNum=0&refId=1xVAdodkk1IBi6hMcgvxqA%3D%3D&trackingId=64sNzefEO4Vxr%2Bp%2BxYfzsA%3D%3D,Data Scientist
Sr Data Scientist- Operations Research,Target,https://in.linkedin.com/jobs/view/sr-data-scientist-operations-research-at-target-4216618319?position=48&pageNum=0&refId=1xVAdodkk1IBi6hMcgvxqA%3D%3D&trackingId=LMu9DjwMK%2Bek1eoRZ9pNjQ%3D%3D,Data Scientist
AI Platform Manager,Kenvue,https://in.linkedin.com/jobs/view/ai-platform-manager-at-kenvue-4079338197?position=49&pageNum=0&refId=1xVAdodkk1IBi6hMcgvxqA%3D%3D&trackingId=UOIIZUpiMdiBO6FbUPSc9w%3D%3D,Data Scientist
Generative AI Developer,Tata Consultancy Services,https://in.linkedin.com/jobs/view/generative-ai-developer-at-tata-consultancy-services-4215530773?position=50&pageNum=0&refId=1xVAdodkk1IBi6hMcgvxqA%3D%3D&trackingId=Sw7%2BTRMt3ZmlBUQRojPp8A%3D%3D,Data Scientist
Sr. Algorithm & Research Engineer,Philips,https://in.linkedin.com/jobs/view/sr-algorithm-research-engineer-at-philips-4207375480?position=51&pageNum=0&refId=1xVAdodkk1IBi6hMcgvxqA%3D%3D&trackingId=plCVWk0zmlm%2B2vq%2Fn6j7hg%3D%3D,Data Scientist
LLM Scientist,Prana Tree,https://in.linkedin.com/jobs/view/llm-scientist-at-prana-tree-4215812992?position=52&pageNum=0&refId=1xVAdodkk1IBi6hMcgvxqA%3D%3D&trackingId=9xV1ZKp7haJ8ytCLhCEfFA%3D%3D,Data Scientist
"Lead, Data Science",Kenvue,https://in.linkedin.com/jobs/view/lead-data-science-at-kenvue-4201696129?position=53&pageNum=0&refId=1xVAdodkk1IBi6hMcgvxqA%3D%3D&trackingId=9fOF2hqI5mHS0X8cqUiCog%3D%3D,Data Scientist
SDET,Stable Money,https://in.linkedin.com/jobs/view/sdet-at-stable-money-4218615419?position=54&pageNum=0&refId=1xVAdodkk1IBi6hMcgvxqA%3D%3D&trackingId=sPDp6JQwgSXdGXCWujXPcQ%3D%3D,Data Scientist
SDET,Kutumb,https://in.linkedin.com/jobs/view/sdet-at-kutumb-4218605805?position=55&pageNum=0&refId=1xVAdodkk1IBi6hMcgvxqA%3D%3D&trackingId=d8U2i1XaA6HAE8YoyfIk%2Fg%3D%3D,Data Scientist
Engineer - M & T,Airbus,https://in.linkedin.com/jobs/view/engineer-m-t-at-airbus-4216062163?position=56&pageNum=0&refId=1xVAdodkk1IBi6hMcgvxqA%3D%3D&trackingId=p86rsDi2BIpac4nYeMf%2BAg%3D%3D,Data Scientist
Software Engineer,OutSystems,https://in.linkedin.com/jobs/view/software-engineer-at-outsystems-4161825742?position=57&pageNum=0&refId=1xVAdodkk1IBi6hMcgvxqA%3D%3D&trackingId=QVCrzS0mVm3UVA%2FTQd7aVA%3D%3D,Data Scientist
Big Data Engineer,Gramener,https://in.linkedin.com/jobs/view/big-data-engineer-at-gramener-4215574545?position=58&pageNum=0&refId=1xVAdodkk1IBi6hMcgvxqA%3D%3D&trackingId=yZnoUGSJPNDeQxwb18oxjw%3D%3D,Data Scientist
Engineer - M&T,Airbus,https://in.linkedin.com/jobs/view/engineer-m-t-at-airbus-4216062164?position=59&pageNum=0&refId=1xVAdodkk1IBi6hMcgvxqA%3D%3D&trackingId=agy%2FuFCc9%2FQJOR9t5lZhSw%3D%3D,Data Scientist
Senior ML Ops Engineer,StockX,https://in.linkedin.com/jobs/view/senior-ml-ops-engineer-at-stockx-4215536352?position=1&pageNum=2&refId=HD%2BIwMpQeywDfyIfSoyGww%3D%3D&trackingId=rN8RAUI0Q0ZnuYJB6PDEIQ%3D%3D,Data Scientist
Senior Machine Learning Engineer,StockX,https://in.linkedin.com/jobs/view/senior-machine-learning-engineer-at-stockx-4215533672?position=2&pageNum=2&refId=HD%2BIwMpQeywDfyIfSoyGww%3D%3D&trackingId=VqCDqh1kcZ8PNsFEtpyOJg%3D%3D,Data Scientist
Senior Data Scientist,Loopio,https://in.linkedin.com/jobs/view/senior-data-scientist-at-loopio-4216096061?position=3&pageNum=2&refId=HD%2BIwMpQeywDfyIfSoyGww%3D%3D&trackingId=hDIOFcpoqKYlUb6LMSGMMA%3D%3D,Data Scientist
Software Engineering,Microsoft,https://in.linkedin.com/jobs/view/software-engineering-at-microsoft-4070579459?position=4&pageNum=2&refId=HD%2BIwMpQeywDfyIfSoyGww%3D%3D&trackingId=OmGR4dGTg7MXZkx9a5NZtA%3D%3D,Data Scientist
SDE I,DataFlow Group,https://in.linkedin.com/jobs/view/sde-i-at-dataflow-group-4218617038?position=5&pageNum=2&refId=HD%2BIwMpQeywDfyIfSoyGww%3D%3D&trackingId=bbTCU159VQe5GnMLqgcdkQ%3D%3D,Data Scientist
Sr. Software Engineer - Observability,Roku,https://in.linkedin.com/jobs/view/sr-software-engineer-observability-at-roku-4158292159?position=6&pageNum=2&refId=HD%2BIwMpQeywDfyIfSoyGww%3D%3D&trackingId=EIROjjMiRXUYXGcVS2HF3w%3D%3D,Data Scientist
Senior Machine Learning Engineer,Target,https://in.linkedin.com/jobs/view/senior-machine-learning-engineer-at-target-4215587397?position=7&pageNum=2&refId=HD%2BIwMpQeywDfyIfSoyGww%3D%3D&trackingId=S03KOV%2FwINwIx%2F4dWOKBrQ%3D%3D,Data Scientist
Software Engineer (Python) - X Delivery,BCG X,https://in.linkedin.com/jobs/view/software-engineer-python-x-delivery-at-bcg-x-4160840791?position=8&pageNum=2&refId=HD%2BIwMpQeywDfyIfSoyGww%3D%3D&trackingId=ZsD9Q2n5cefs0BINdqTcug%3D%3D,Data Scientist
Data Scientist/Senior Data Scientist - Python Programming,Lufthansa Technik Services India Pvt Ltd,https://in.linkedin.com/jobs/view/data-scientist-senior-data-scientist-python-programming-at-lufthansa-technik-services-india-pvt-ltd-4215594517?position=9&pageNum=2&refId=HD%2BIwMpQeywDfyIfSoyGww%3D%3D&trackingId=PQMinoeCE%2BozEck3qs4HyQ%3D%3D,Data Scientist
Senior Machine Learning Systems Engineer,Atlassian,https://in.linkedin.com/jobs/view/senior-machine-learning-systems-engineer-at-atlassian-4185532388?position=10&pageNum=2&refId=HD%2BIwMpQeywDfyIfSoyGww%3D%3D&trackingId=lp084icFeluoJdd5SCm5cQ%3D%3D,Data Scientist
Sr. Algorithm & Research Engineer,Philips,https://in.linkedin.com/jobs/view/sr-algorithm-research-engineer-at-philips-4207375480?position=1&pageNum=5&refId=XUx5Voiyz3ruq%2ByF6ms79w%3D%3D&trackingId=uJEnGvOzIx29mKfU1yTJ5Q%3D%3D,Data Scientist
LLM Scientist,Prana Tree,https://in.linkedin.com/jobs/view/llm-scientist-at-prana-tree-4215812992?position=2&pageNum=5&refId=XUx5Voiyz3ruq%2ByF6ms79w%3D%3D&trackingId=999HfK3eAG25QMKy%2FkbItg%3D%3D,Data Scientist
"Lead, Data Science",Kenvue,https://in.linkedin.com/jobs/view/lead-data-science-at-kenvue-4201696129?position=3&pageNum=5&refId=XUx5Voiyz3ruq%2ByF6ms79w%3D%3D&trackingId=gkLoZ83B%2FzIOTUQ0040MwA%3D%3D,Data Scientist
SDET,Stable Money,https://in.linkedin.com/jobs/view/sdet-at-stable-money-4218615419?position=4&pageNum=5&refId=XUx5Voiyz3ruq%2ByF6ms79w%3D%3D&trackingId=JFUqvaQlhYm3isaPCyru7Q%3D%3D,Data Scientist
SDET,Kutumb,https://in.linkedin.com/jobs/view/sdet-at-kutumb-4218605805?position=5&pageNum=5&refId=XUx5Voiyz3ruq%2ByF6ms79w%3D%3D&trackingId=cw13OqD%2FpQORm843PUTflQ%3D%3D,Data Scientist
Engineer - M & T,Airbus,https://in.linkedin.com/jobs/view/engineer-m-t-at-airbus-4216062163?position=6&pageNum=5&refId=XUx5Voiyz3ruq%2ByF6ms79w%3D%3D&trackingId=eLYSGzhU3DhNyaUrfPbiPg%3D%3D,Data Scientist
Software Engineer,OutSystems,https://in.linkedin.com/jobs/view/software-engineer-at-outsystems-4161825742?position=7&pageNum=5&refId=XUx5Voiyz3ruq%2ByF6ms79w%3D%3D&trackingId=9tDuuXl1XrSYAu20OImFaA%3D%3D,Data Scientist
Big Data Engineer,Gramener,https://in.linkedin.com/jobs/view/big-data-engineer-at-gramener-4215574545?position=8&pageNum=5&refId=XUx5Voiyz3ruq%2ByF6ms79w%3D%3D&trackingId=PFEwea%2FcWfkteUahTWWkPQ%3D%3D,Data Scientist
Engineer - M&T,Airbus,https://in.linkedin.com/jobs/view/engineer-m-t-at-airbus-4216062164?position=9&pageNum=5&refId=XUx5Voiyz3ruq%2ByF6ms79w%3D%3D&trackingId=IjjV8%2BiQsuX0Z6bVOoFbYg%3D%3D,Data Scientist
Lead SDET,Broadridge India,https://in.linkedin.com/jobs/view/lead-sdet-at-broadridge-india-4161524306?position=1&pageNum=7&refId=7L3cPRWOm4YnREoD9KUAoQ%3D%3D&trackingId=EW4VXt4FW6lqE3MzVDiNOw%3D%3D,Data Scientist
QA Automation ( Cypress),CodeCraft Technologies Pvt Ltd,https://in.linkedin.com/jobs/view/qa-automation-cypress-at-codecraft-technologies-pvt-ltd-4218650709?position=2&pageNum=7&refId=7L3cPRWOm4YnREoD9KUAoQ%3D%3D&trackingId=HhRD4QDyg76Tk6ij%2B3D2Dg%3D%3D,Data Scientist
SMTS Engineer - Open Source AI/ML Solutions Team,AMD,https://in.linkedin.com/jobs/view/smts-engineer-open-source-ai-ml-solutions-team-at-amd-4138315960?position=3&pageNum=7&refId=7L3cPRWOm4YnREoD9KUAoQ%3D%3D&trackingId=%2F2QfW%2BQjSHFkUBF44h63Rg%3D%3D,Data Scientist
SDE II,Habuild Healthtech,https://in.linkedin.com/jobs/view/sde-ii-at-habuild-healthtech-4218608397?position=4&pageNum=7&refId=7L3cPRWOm4YnREoD9KUAoQ%3D%3D&trackingId=mwDiFHw2wLxiW9p%2B2sBRMA%3D%3D,Data Scientist
React.js Developer,HIC Global Solutions,https://in.linkedin.com/jobs/view/react-js-developer-at-hic-global-solutions-4218614422?position=5&pageNum=7&refId=7L3cPRWOm4YnREoD9KUAoQ%3D%3D&trackingId=lV55iH5tKI9Ik3Nk4zKhqg%3D%3D,Data Scientist
Spark Developer,Infosys,https://in.linkedin.com/jobs/view/spark-developer-at-infosys-4215588514?position=6&pageNum=7&refId=7L3cPRWOm4YnREoD9KUAoQ%3D%3D&trackingId=Q8XpNUDVJkwigbS1FDd7Jg%3D%3D,Data Scientist
SDE 1 - DevOps,ZopSmart,https://in.linkedin.com/jobs/view/sde-1-devops-at-zopsmart-4218608973?position=7&pageNum=7&refId=7L3cPRWOm4YnREoD9KUAoQ%3D%3D&trackingId=wcWFaYb0u6gyfs5ot2kHEQ%3D%3D,Data Scientist
Full Stack Engineer,Recro,https://in.linkedin.com/jobs/view/full-stack-engineer-at-recro-4215547944?position=8&pageNum=7&refId=7L3cPRWOm4YnREoD9KUAoQ%3D%3D&trackingId=yMgsz1hhgd44DAi8kHujwQ%3D%3D,Data Scientist
Quality Assurance Engineer,Kutumb,https://in.linkedin.com/jobs/view/quality-assurance-engineer-at-kutumb-4218609338?position=9&pageNum=7&refId=7L3cPRWOm4YnREoD9KUAoQ%3D%3D&trackingId=mWEPSc5ZoqvqnP19T4lW%2Bg%3D%3D,Data Scientist
Associate Software Engineer,Red Hat,https://in.linkedin.com/jobs/view/associate-software-engineer-at-red-hat-4216085908?position=10&pageNum=7&refId=7L3cPRWOm4YnREoD9KUAoQ%3D%3D&trackingId=N%2BDJpgP8N34smui4JxwGzw%3D%3D,Data Scientist
